method,replicate,n,p,density,top_k,candidate_count,candidate_recall,edge_overlap_vs_sparcc,sign_accuracy_vs_truth,auroc_vs_truth,recall_at_K_vs_truth,wallclock_seconds,peak_bytes,fallback_reason,calibration_method
sparcc_py,0,100,100,0.02,10,4950,1.0,1.0,1.0,0.9954648526077098,0.8686868686868687,0.010166416999709327,696960,,
pearson_clr,0,100,100,0.02,10,4950,1.0,0.9223300970873787,1.0,0.996110351088706,0.8787878787878788,0.0012511249988165218,400144,,
pearson_raw,0,100,100,0.02,10,4950,1.0,0.15789473684210525,0.9595959595959596,0.8152125251692351,0.2828282828282828,0.0010244160002912395,322784,,
spieceasi_mb,0,100,100,0.02,10,4950,1.0,0.7368421052631579,1.0,0.9985424227848471,0.898989898989899,3.857404458000019,29564489,,
spieceasi_glasso,0,100,100,0.02,10,4950,1.0,0.8333333333333334,1.0,0.997567928303859,0.9191919191919192,0.2584010419996048,1145132,,
falcon_sr_strict,0,100,100,0.02,10,4950,1.0,0.98,1.0,0.9951233630887311,0.8787878787878788,0.013352874999327469,646192,,
falcon_sr_fast,0,100,100,0.02,10,1135,0.98989898989899,0.98,1.0,0.9915106538483162,0.8787878787878788,0.029906916999607347,563856,,
falcon_sr_fast_calibrated,0,100,100,0.02,10,1135,0.98989898989899,0.98,1.0,0.9915106538483162,0.8787878787878788,0.18138112499946146,1097692,,permutation_base_only
sparcc_py,1,100,100,0.02,10,4950,1.0,1.0,1.0,0.996857879974763,0.8484848484848485,0.0005851669993717223,696112,,
pearson_clr,1,100,100,0.02,10,4950,1.0,0.9603960396039604,1.0,0.9967142045064123,0.8484848484848485,0.0010416250006528571,400040,,
pearson_raw,1,100,100,0.02,10,4950,1.0,0.13793103448275862,1.0,0.8835374982561129,0.24242424242424243,0.0010440000005473848,322704,,
spieceasi_mb,1,100,100,0.02,10,4950,1.0,0.6923076923076923,1.0,0.9988172802025616,0.9090909090909091,0.19543795800018415,481400,,
spieceasi_glasso,1,100,100,0.02,10,4950,1.0,0.7837837837837838,1.0,0.9979323226076473,0.898989898989899,0.3682626249992609,633445,,
falcon_sr_strict,1,100,100,0.02,10,4950,1.0,0.98,1.0,0.9969453346076723,0.8484848484848485,0.011541709000084666,646000,,
falcon_sr_fast,1,100,100,0.02,10,1123,1.0,0.98,1.0,0.9969453346076723,0.8484848484848485,0.05344633300046553,563656,,
falcon_sr_fast_calibrated,1,100,100,0.02,10,1123,1.0,0.98,1.0,0.9969453346076723,0.8484848484848485,0.2598917920004169,1094957,,permutation_base_only
sparcc_py,2,100,100,0.02,10,4950,1.0,1.0,1.0,0.9952295580001208,0.8585858585858586,0.000854375000926666,696112,,
pearson_clr,2,100,100,0.02,10,4950,1.0,0.9038461538461539,1.0,0.995341999671004,0.8686868686868687,0.0014243330006138422,400040,,
pearson_raw,2,100,100,0.02,10,4950,1.0,0.13142857142857142,0.9797979797979798,0.8168137778527389,0.21212121212121213,0.00047604199971829075,322704,,
spieceasi_mb,2,100,100,0.02,10,4950,1.0,0.6779661016949152,0.98989898989899,0.9926090423925922,0.8686868686868687,0.21931187500013039,481000,,
spieceasi_glasso,2,100,100,0.02,10,4950,1.0,0.8333333333333334,1.0,0.9963664682279401,0.8787878787878788,0.17755487499925948,633437,,
falcon_sr_strict,2,100,100,0.02,10,4950,1.0,0.98,1.0,0.9950796357722764,0.8585858585858586,0.006598083999051596,645928,,
falcon_sr_fast,2,100,100,0.02,10,1116,1.0,0.98,1.0,0.9950796357722764,0.8585858585858586,0.02791829099987808,563576,,
falcon_sr_fast_calibrated,2,100,100,0.02,10,1116,1.0,0.98,1.0,0.9950796357722764,0.8585858585858586,0.1834543749992008,1093512,,permutation_base_only
sparcc_py,0,100,100,0.02,25,4950,1.0,1.0,1.0,0.9954648526077098,0.8686868686868687,0.0007284169987542555,696224,,
pearson_clr,0,100,100,0.02,25,4950,1.0,0.9223300970873787,1.0,0.996110351088706,0.8787878787878788,0.0006459160013037035,400144,,
pearson_raw,0,100,100,0.02,25,4950,1.0,0.15789473684210525,0.9595959595959596,0.8152125251692351,0.2828282828282828,0.00036966600055166055,322784,,
spieceasi_mb,0,100,100,0.02,25,4950,1.0,0.7368421052631579,1.0,0.9985424227848471,0.898989898989899,0.21754512500046985,481240,,
spieceasi_glasso,0,100,100,0.02,25,4950,1.0,0.8333333333333334,1.0,0.997567928303859,0.9191919191919192,0.22620916699997906,633383,,
falcon_sr_strict,0,100,100,0.02,25,4950,1.0,0.98,1.0,0.9951233630887311,0.8787878787878788,0.008976250001069275,645896,,
falcon_sr_fast,0,100,100,0.02,25,2644,1.0,0.98,1.0,0.9951233630887311,0.8787878787878788,0.03382258400051796,740410,,
falcon_sr_fast_calibrated,0,100,100,0.02,25,2644,1.0,0.98,1.0,0.9951233630887311,0.8787878787878788,0.2248526250004943,1175134,,permutation_base_only
sparcc_py,1,100,100,0.02,25,4950,1.0,1.0,1.0,0.996857879974763,0.8484848484848485,0.0007946669993543765,696112,,
pearson_clr,1,100,100,0.02,25,4950,1.0,0.9603960396039604,1.0,0.9967142045064123,0.8484848484848485,0.0005124999988765921,400040,,
pearson_raw,1,100,100,0.02,25,4950,1.0,0.13793103448275862,1.0,0.8835374982561129,0.24242424242424243,0.00048633299957145937,322704,,
spieceasi_mb,1,100,100,0.02,25,4950,1.0,0.6923076923076923,1.0,0.9988172802025616,0.9090909090909091,0.195311125000444,481000,,
spieceasi_glasso,1,100,100,0.02,25,4950,1.0,0.7837837837837838,1.0,0.9979323226076473,0.898989898989899,0.19766479099962453,633421,,
falcon_sr_strict,1,100,100,0.02,25,4950,1.0,0.98,1.0,0.9969453346076723,0.8484848484848485,0.006590291000975412,645784,,
falcon_sr_fast,1,100,100,0.02,25,2642,1.0,0.98,1.0,0.9969453346076723,0.8484848484848485,0.030685957999594393,739641,,
falcon_sr_fast_calibrated,1,100,100,0.02,25,2642,1.0,0.98,1.0,0.9969453346076723,0.8484848484848485,0.2520269159995223,1175812,,permutation_base_only
sparcc_py,2,100,100,0.02,25,4950,1.0,1.0,1.0,0.9952295580001208,0.8585858585858586,0.0005975410003884463,696112,,
pearson_clr,2,100,100,0.02,25,4950,1.0,0.9038461538461539,1.0,0.995341999671004,0.8686868686868687,0.0010058749994641403,400040,,
pearson_raw,2,100,100,0.02,25,4950,1.0,0.13142857142857142,0.9797979797979798,0.8168137778527389,0.21212121212121213,0.0007907500003057066,322704,,
spieceasi_mb,2,100,100,0.02,25,4950,1.0,0.6779661016949152,0.98989898989899,0.9926090423925922,0.8686868686868687,0.20919933299956028,481000,,
spieceasi_glasso,2,100,100,0.02,25,4950,1.0,0.8333333333333334,1.0,0.9963664682279401,0.8787878787878788,0.20683741700122482,633413,,
falcon_sr_strict,2,100,100,0.02,25,4950,1.0,0.98,1.0,0.9950796357722764,0.8585858585858586,0.007837375000235625,645752,,
falcon_sr_fast,2,100,100,0.02,25,2639,1.0,0.98,1.0,0.9950796357722764,0.8585858585858586,0.03644133300076646,739660,,
falcon_sr_fast_calibrated,2,100,100,0.02,25,2639,1.0,0.98,1.0,0.9950796357722764,0.8585858585858586,0.1916363750005985,1173769,,permutation_base_only
sparcc_py,0,100,100,0.02,50,4950,1.0,1.0,1.0,0.9954648526077098,0.8686868686868687,0.0006914589994266862,696224,,
pearson_clr,0,100,100,0.02,50,4950,1.0,0.9223300970873787,1.0,0.996110351088706,0.8787878787878788,0.0007176250001066364,400144,,
pearson_raw,0,100,100,0.02,50,4950,1.0,0.15789473684210525,0.9595959595959596,0.8152125251692351,0.2828282828282828,0.0004449170010047965,322784,,
spieceasi_mb,0,100,100,0.02,50,4950,1.0,0.7368421052631579,1.0,0.9985424227848471,0.898989898989899,0.19933974999912607,481240,,
spieceasi_glasso,0,100,100,0.02,50,4950,1.0,0.8333333333333334,1.0,0.997567928303859,0.9191919191919192,0.20344616700094775,633453,,
falcon_sr_strict,0,100,100,0.02,50,4950,1.0,0.98,1.0,0.9951233630887311,0.8787878787878788,0.007359625000390224,645776,,
falcon_sr_fast,0,100,100,0.02,50,4950,1.0,0.98,1.0,0.9951233630887311,0.8787878787878788,0.03179062500021246,1136090,,
falcon_sr_fast_calibrated,0,100,100,0.02,50,4950,1.0,0.98,1.0,0.9951233630887311,0.8787878787878788,0.23456366599930334,1615395,,permutation_base_only
sparcc_py,1,100,100,0.02,50,4950,1.0,1.0,1.0,0.996857879974763,0.8484848484848485,0.0005937080004514428,696112,,
pearson_clr,1,100,100,0.02,50,4950,1.0,0.9603960396039604,1.0,0.9967142045064123,0.8484848484848485,0.0007338749983318849,400040,,
pearson_raw,1,100,100,0.02,50,4950,1.0,0.13793103448275862,1.0,0.8835374982561129,0.24242424242424243,0.000404500000513508,322704,,
spieceasi_mb,1,100,100,0.02,50,4950,1.0,0.6923076923076923,1.0,0.9988172802025616,0.9090909090909091,0.198302209000758,481000,,
spieceasi_glasso,1,100,100,0.02,50,4950,1.0,0.7837837837837838,1.0,0.9979323226076473,0.898989898989899,0.19844145800016122,633296,,
falcon_sr_strict,1,100,100,0.02,50,4950,1.0,0.98,1.0,0.9969453346076723,0.8484848484848485,0.007138333001421415,645704,,
falcon_sr_fast,1,100,100,0.02,50,4950,1.0,0.98,1.0,0.9969453346076723,0.8484848484848485,0.03085708400067233,1135568,,
falcon_sr_fast_calibrated,1,100,100,0.02,50,4950,1.0,0.98,1.0,0.9969453346076723,0.8484848484848485,0.2704189999985829,1614272,,permutation_base_only
sparcc_py,2,100,100,0.02,50,4950,1.0,1.0,1.0,0.9952295580001208,0.8585858585858586,0.0005445000006147893,696112,,
pearson_clr,2,100,100,0.02,50,4950,1.0,0.9038461538461539,1.0,0.995341999671004,0.8686868686868687,0.0006348329989123158,400040,,
pearson_raw,2,100,100,0.02,50,4950,1.0,0.13142857142857142,0.9797979797979798,0.8168137778527389,0.21212121212121213,0.0005380839993449626,322704,,
spieceasi_mb,2,100,100,0.02,50,4950,1.0,0.6779661016949152,0.98989898989899,0.9926090423925922,0.8686868686868687,0.20093549999910465,481000,,
spieceasi_glasso,2,100,100,0.02,50,4950,1.0,0.8333333333333334,1.0,0.9963664682279401,0.8787878787878788,0.19436645799942198,633381,,
falcon_sr_strict,2,100,100,0.02,50,4950,1.0,0.98,1.0,0.9950796357722764,0.8585858585858586,0.006592334000742994,645672,,
falcon_sr_fast,2,100,100,0.02,50,4950,1.0,0.98,1.0,0.9950796357722764,0.8585858585858586,0.031418167000083486,1135805,,
falcon_sr_fast_calibrated,2,100,100,0.02,50,4950,1.0,0.98,1.0,0.9950796357722764,0.8585858585858586,0.22506691600028716,1623292,,permutation_base_only
sparcc_py,0,100,500,0.02,10,124750,1.0,1.0,0.917434869739479,0.7509196594489539,0.18396793587174348,0.007039916001303936,9345912,,
pearson_clr,0,100,500,0.02,10,124750,1.0,0.9637937819756002,0.9150300601202405,0.7506953115260827,0.18476953907815633,0.0028610829995159293,2805096,,
pearson_raw,0,100,500,0.02,10,124750,1.0,0.07081545064377683,0.8821643286573146,0.6620636864912189,0.09659318637274548,0.0028895830000692513,3206032,,
spieceasi_mb,0,100,500,0.02,10,124750,1.0,0.36600054749520944,0.349498997995992,0.6448593362751023,0.18557114228456914,1.6641557500006456,7134144,,
spieceasi_glasso,0,100,500,0.02,10,124750,1.0,0.30083420229405633,0.6452905811623246,0.706325336452628,0.16993987975951905,35.56247070899917,10886054,,
falcon_sr_strict,0,100,500,0.02,10,124750,1.0,0.9983980776932319,0.9170340681362725,0.7508952058138607,0.18396793587174348,0.07258516699948814,16015416,,
falcon_sr_fast,0,100,500,0.02,10,5741,0.2985971943887776,0.9975980784627703,0.9986577181208054,0.6307546637998094,0.18396793587174348,0.09457758400094463,10809944,,
falcon_sr_fast_calibrated,0,100,500,0.02,10,5741,0.2985971943887776,0.9975980784627703,0.9986577181208054,0.6307546637998094,0.18396793587174348,1.0790787919995637,16100500,,permutation_base_only
sparcc_py,1,100,500,0.02,10,124750,1.0,1.0,0.9106212424849699,0.7452548153851362,0.1963927855711423,0.005098499999803607,9345800,,
pearson_clr,1,100,500,0.02,10,124750,1.0,0.9576304433111024,0.9102204408817636,0.7449718692220644,0.19559118236472947,0.004921040999761317,2804944,,
pearson_raw,1,100,500,0.02,10,124750,1.0,0.06510138740661686,0.8857715430861723,0.6635908404269174,0.09218436873747494,0.0023545000003650784,3205904,,
spieceasi_mb,1,100,500,0.02,10,124750,1.0,0.36824787496572525,0.36392785571142283,0.6521138370971218,0.19198396793587175,1.4864055830003053,7130568,,
spieceasi_glasso,1,100,500,0.02,10,124750,1.0,0.2910737386804657,0.6476953907815631,0.7079747159445061,0.17314629258517034,26.367150582998875,10885751,,
falcon_sr_strict,1,100,500,0.02,10,124750,1.0,0.9975980784627703,0.9110220440881763,0.7452311420108222,0.1963927855711423,0.07345970799906354,16015368,,
falcon_sr_fast,1,100,500,0.02,10,5707,0.3038076152304609,0.9975980784627703,0.9934036939313984,0.6338172660399938,0.1963927855711423,0.06805937500030268,10809840,,
falcon_sr_fast_calibrated,1,100,500,0.02,10,5707,0.3038076152304609,0.9975980784627703,0.9934036939313984,0.6338172660399938,0.1963927855711423,1.1157190000012633,16099531,,permutation_base_only
sparcc_py,2,100,500,0.02,10,124750,1.0,1.0,0.92625250501002,0.7631705503354671,0.21282565130260522,0.004372499999590218,9345800,,
pearson_clr,2,100,500,0.02,10,124750,1.0,0.9622493118364137,0.9258517034068137,0.7632263652084341,0.21282565130260522,0.002598375000161468,2804944,,
pearson_raw,2,100,500,0.02,10,124750,1.0,0.06989708404802744,0.8829659318637274,0.6622552175636701,0.10821643286573146,0.00268658300046809,3205904,,
spieceasi_mb,2,100,500,0.02,10,124750,1.0,0.37655172413793103,0.374749498997996,0.6584387112944141,0.1975951903807615,1.3713043330008077,7130568,,
spieceasi_glasso,2,100,500,0.02,10,124750,1.0,0.2977893368010403,0.6641282565130261,0.7177440595476667,0.17835671342685372,30.122122250000757,10885696,,
falcon_sr_strict,2,100,500,0.02,10,124750,1.0,0.9983980776932319,0.92625250501002,0.7631364319576128,0.21282565130260522,0.062475749999066466,16015368,,
falcon_sr_fast,2,100,500,0.02,10,5686,0.3114228456913828,0.9983980776932319,0.9987129987129987,0.6381211648277128,0.21282565130260522,0.0596332919994893,10809840,,
falcon_sr_fast_calibrated,2,100,500,0.02,10,5686,0.3114228456913828,0.9983980776932319,0.9987129987129987,0.6381211648277128,0.21282565130260522,0.9954237919992011,16097110,,permutation_base_only
sparcc_py,0,100,500,0.02,25,124750,1.0,1.0,0.917434869739479,0.7509196594489539,0.18396793587174348,0.004026999999041436,9345912,,
pearson_clr,0,100,500,0.02,25,124750,1.0,0.9637937819756002,0.9150300601202405,0.7506953115260827,0.18476953907815633,0.0048646249997545965,2805048,,
pearson_raw,0,100,500,0.02,25,124750,1.0,0.07081545064377683,0.8821643286573146,0.6620636864912189,0.09659318637274548,0.0016949170003499603,3205984,,
spieceasi_mb,0,100,500,0.02,25,124750,1.0,0.36600054749520944,0.349498997995992,0.6448593362751023,0.18557114228456914,1.0627459170009388,7130808,,
spieceasi_glasso,0,100,500,0.02,25,124750,1.0,0.30083420229405633,0.6452905811623246,0.706325336452628,0.16993987975951905,32.27860108300047,10885736,,
falcon_sr_strict,0,100,500,0.02,25,124750,1.0,0.9983980776932319,0.9170340681362725,0.7508952058138607,0.18396793587174348,0.06652708299952792,16015416,,
falcon_sr_fast,0,100,500,0.02,25,13660,0.4501002004008016,0.9983980776932319,0.9946571682991986,0.6822835774202693,0.18396793587174348,0.07540666699969734,10809944,,
falcon_sr_fast_calibrated,0,100,500,0.02,25,13660,0.4501002004008016,0.9983980776932319,0.9946571682991986,0.6822835774202693,0.18396793587174348,0.998123499999565,16516329,,permutation_base_only
sparcc_py,1,100,500,0.02,25,124750,1.0,1.0,0.9106212424849699,0.7452548153851362,0.1963927855711423,0.005959874999462045,9345800,,
pearson_clr,1,100,500,0.02,25,124750,1.0,0.9576304433111024,0.9102204408817636,0.7449718692220644,0.19559118236472947,0.005242875000476488,2804944,,
pearson_raw,1,100,500,0.02,25,124750,1.0,0.06510138740661686,0.8857715430861723,0.6635908404269174,0.09218436873747494,0.0023568329997942783,3205904,,
spieceasi_mb,1,100,500,0.02,25,124750,1.0,0.36824787496572525,0.36392785571142283,0.6521138370971218,0.19198396793587175,2.0741225829988252,7130568,,
spieceasi_glasso,1,100,500,0.02,25,124750,1.0,0.2910737386804657,0.6476953907815631,0.7079747159445061,0.17314629258517034,40.803238875001625,10886863,,
falcon_sr_strict,1,100,500,0.02,25,124750,1.0,0.9975980784627703,0.9110220440881763,0.7452311420108222,0.1963927855711423,0.08707937500003027,16015368,,
falcon_sr_fast,1,100,500,0.02,25,13670,0.457314629258517,0.9975980784627703,0.992988606485539,0.6865426866165361,0.1963927855711423,0.09583508300056565,10809840,,
falcon_sr_fast_calibrated,1,100,500,0.02,25,13670,0.457314629258517,0.9975980784627703,0.992988606485539,0.6865426866165361,0.1963927855711423,1.1634383750006236,16516118,,permutation_base_only
sparcc_py,2,100,500,0.02,25,124750,1.0,1.0,0.92625250501002,0.7631705503354671,0.21282565130260522,0.00467295899943565,9345800,,
pearson_clr,2,100,500,0.02,25,124750,1.0,0.9622493118364137,0.9258517034068137,0.7632263652084341,0.21282565130260522,0.0038018749983166344,2805040,,
pearson_raw,2,100,500,0.02,25,124750,1.0,0.06989708404802744,0.8829659318637274,0.6622552175636701,0.10821643286573146,0.0018714170000748709,3205952,,
spieceasi_mb,2,100,500,0.02,25,124750,1.0,0.37655172413793103,0.374749498997996,0.6584387112944141,0.1975951903807615,1.6691898749995744,7142872,,
spieceasi_glasso,2,100,500,0.02,25,124750,1.0,0.2977893368010403,0.6641282565130261,0.7177440595476667,0.17835671342685372,39.42696654199972,10886640,,
falcon_sr_strict,2,100,500,0.02,25,124750,1.0,0.9983980776932319,0.92625250501002,0.7631364319576128,0.21282565130260522,0.09333341599995038,16015368,,
falcon_sr_fast,2,100,500,0.02,25,13672,0.4725450901803607,0.9983980776932319,0.9974554707379135,0.6946217362130093,0.21282565130260522,0.06877125000028173,10809840,,
falcon_sr_fast_calibrated,2,100,500,0.02,25,13672,0.4725450901803607,0.9983980776932319,0.9974554707379135,0.6946217362130093,0.21282565130260522,0.9924630000004981,16516432,,permutation_base_only
sparcc_py,0,100,500,0.02,50,124750,1.0,1.0,0.917434869739479,0.7509196594489539,0.18396793587174348,0.002843333000782877,9345912,,
pearson_clr,0,100,500,0.02,50,124750,1.0,0.9637937819756002,0.9150300601202405,0.7506953115260827,0.18476953907815633,0.002313417000550544,2805048,,
pearson_raw,0,100,500,0.02,50,124750,1.0,0.07081545064377683,0.8821643286573146,0.6620636864912189,0.09659318637274548,0.002050458000667277,3205984,,
spieceasi_mb,0,100,500,0.02,50,124750,1.0,0.36600054749520944,0.349498997995992,0.6448593362751023,0.18557114228456914,1.6616046670005744,7130808,,
spieceasi_glasso,0,100,500,0.02,50,124750,1.0,0.30083420229405633,0.6452905811623246,0.706325336452628,0.16993987975951905,30.9463541669993,10885924,,
falcon_sr_strict,0,100,500,0.02,50,124750,1.0,0.9983980776932319,0.9170340681362725,0.7508952058138607,0.18396793587174348,0.05372949999946286,16015416,,
falcon_sr_fast,0,100,500,0.02,50,26637,0.5915831663326653,0.9983980776932319,0.9898373983739838,0.7178472342828883,0.18396793587174348,0.08489604199894529,12131143,,
falcon_sr_fast_calibrated,0,100,500,0.02,50,26637,0.5915831663326653,0.9983980776932319,0.9898373983739838,0.7178472342828883,0.18396793587174348,0.8494478749998962,17194556,,permutation_base_only
sparcc_py,1,100,500,0.02,50,124750,1.0,1.0,0.9106212424849699,0.7452548153851362,0.1963927855711423,0.00518216599994048,9345800,,
pearson_clr,1,100,500,0.02,50,124750,1.0,0.9576304433111024,0.9102204408817636,0.7449718692220644,0.19559118236472947,0.0033838340004876954,2804944,,
pearson_raw,1,100,500,0.02,50,124750,1.0,0.06510138740661686,0.8857715430861723,0.6635908404269174,0.09218436873747494,0.002117707999786944,3205904,,
spieceasi_mb,1,100,500,0.02,50,124750,1.0,0.36824787496572525,0.36392785571142283,0.6521138370971218,0.19198396793587175,1.7115311659999861,7130568,,
spieceasi_glasso,1,100,500,0.02,50,124750,1.0,0.2910737386804657,0.6476953907815631,0.7079747159445061,0.17314629258517034,31.898998082999242,10885782,,
falcon_sr_strict,1,100,500,0.02,50,124750,1.0,0.9975980784627703,0.9110220440881763,0.7452311420108222,0.1963927855711423,0.14349258299989742,16015368,,
falcon_sr_fast,1,100,500,0.02,50,26590,0.5935871743486973,0.9975980784627703,0.9912221471978393,0.7203957004024818,0.1963927855711423,0.08865116699962527,12130583,,
falcon_sr_fast_calibrated,1,100,500,0.02,50,26590,0.5935871743486973,0.9975980784627703,0.9912221471978393,0.7203957004024818,0.1963927855711423,0.9302440829997067,17191183,,permutation_base_only
sparcc_py,2,100,500,0.02,50,124750,1.0,1.0,0.92625250501002,0.7631705503354671,0.21282565130260522,0.0024562919988966314,9345800,,
pearson_clr,2,100,500,0.02,50,124750,1.0,0.9622493118364137,0.9258517034068137,0.7632263652084341,0.21282565130260522,0.0019219999994675163,2804944,,
pearson_raw,2,100,500,0.02,50,124750,1.0,0.06989708404802744,0.8829659318637274,0.6622552175636701,0.10821643286573146,0.0012047090003761696,3205904,,
spieceasi_mb,2,100,500,0.02,50,124750,1.0,0.37655172413793103,0.374749498997996,0.6584387112944141,0.1975951903807615,1.0768077080010698,7130568,,
spieceasi_glasso,2,100,500,0.02,50,124750,1.0,0.2977893368010403,0.6641282565130261,0.7177440595476667,0.17835671342685372,39.53750608300106,10886581,,
falcon_sr_strict,2,100,500,0.02,50,124750,1.0,0.9983980776932319,0.92625250501002,0.7631364319576128,0.21282565130260522,0.12033908299963514,16015368,,
falcon_sr_fast,2,100,500,0.02,50,26570,0.6128256513026052,0.9983980776932319,0.9921517331589274,0.7311800977112706,0.21282565130260522,0.11587108300045657,12130837,,
falcon_sr_fast_calibrated,2,100,500,0.02,50,26570,0.6128256513026052,0.9983980776932319,0.9921517331589274,0.7311800977112706,0.21282565130260522,1.3901871670004766,17189258,,permutation_base_only
sparcc_py,0,100,1000,0.02,10,463203,1.0,1.0,0.7359465862588843,0.5804293885129629,0.04576782252853758,0.015348499999163323,32144400,,
pearson_clr,0,100,1000,0.02,10,463203,1.0,0.9816474605207,0.7354081412879604,0.5802803077115294,0.04490631057505923,0.011980584000411909,8968600,,
pearson_raw,0,100,1000,0.02,10,463203,1.0,0.17358609794628752,0.7358388972646995,0.5588182882217244,0.04092181779022184,0.010230666999632376,9739888,,
spieceasi_mb,0,100,1000,0.02,10,463203,1.0,0.1948787235411439,0.07678225285375835,0.5265185419213717,0.06676717639457247,6.534972457999174,25083920,,
spieceasi_glasso,0,100,1000,0.02,10,463203,1.0,0.005576912664464779,0.0,0.5,0.01723023906956709,14.87107108300006,38742980,,
falcon_sr_strict,0,100,1000,0.02,10,463203,1.0,0.9976336452619124,0.7358388972646995,0.5804325537011271,0.04576782252853758,0.41143962500063935,59378144,,
falcon_sr_fast,0,100,1000,0.02,10,13283,0.07344389403402972,0.6866769594042321,0.9530791788856305,0.5227520750029612,0.04813698040060306,0.14663054099946748,38652888,,
falcon_sr_fast_calibrated,0,100,1000,0.02,10,13283,0.07344389403402972,0.6866769594042321,0.9530791788856305,0.5227520750029612,0.04813698040060306,3.057204000000638,55962411,,permutation_base_only
sparcc_py,1,100,1000,0.02,10,479710,1.0,1.0,0.7319415448851775,0.58130124315546,0.0488517745302714,0.018336290999286575,33242120,,
pearson_clr,1,100,1000,0.02,10,479710,1.0,0.9803617571059432,0.7318371607515658,0.5811091692889814,0.048538622129436326,0.013885874999687076,9259984,,
pearson_raw,1,100,1000,0.02,10,479710,1.0,0.1830811979005866,0.7342379958246347,0.5644452615980113,0.04488517745302714,0.011014416999387322,10044944,,
spieceasi_mb,1,100,1000,0.02,10,479710,1.0,0.22490730085666794,0.07463465553235908,0.5250892781532865,0.06231732776617954,6.513730000000578,25670677,,
spieceasi_glasso,1,100,1000,0.02,10,479710,1.0,0.011295260213237623,0.0,0.5,0.01826722338204593,13.39060658299968,40084571,,
falcon_sr_strict,1,100,1000,0.02,10,479710,1.0,1.0,0.7319415448851775,0.5812942087221733,0.0488517745302714,0.29769983400001365,61492488,,
falcon_sr_fast,1,100,1000,0.02,10,13239,0.07609603340292276,0.7136213218853412,0.9492455418381345,0.5246994951247661,0.055427974947807934,0.10180816699903517,40001520,,
falcon_sr_fast_calibrated,1,100,1000,0.02,10,13239,0.07609603340292276,0.7136213218853412,0.9492455418381345,0.5246994951247661,0.055427974947807934,1.881325292000838,57867117,,permutation_base_only
sparcc_py,2,100,1000,0.02,10,494515,1.0,1.0,0.7447885043513459,0.5808697667315116,0.04766241651487553,0.01881475000118371,34226480,,
pearson_clr,2,100,1000,0.02,10,494515,1.0,0.9827447833065811,0.7442825339000202,0.5808041179338224,0.047460028334345275,0.013616333999380004,9521104,,
pearson_raw,2,100,1000,0.02,10,494515,1.0,0.1523526324995627,0.7491398502327464,0.5607615080416222,0.043513458814005264,0.00661158399998385,10318064,,
spieceasi_mb,2,100,1000,0.02,10,494515,1.0,0.24317524216882627,0.07974094312892127,0.5275291104433699,0.06446063549888686,2.2347390839986474,26435073,,
spieceasi_glasso,2,100,1000,0.02,10,494515,1.0,0.18838313991942757,0.2718073264521352,0.5556460585896696,0.0581866019024489,102.00858958299978,41303299,,
falcon_sr_strict,2,100,1000,0.02,10,494515,1.0,0.9993930197268589,0.7447885043513459,0.5808693455705917,0.04766241651487553,0.171354041000086,63388848,,
falcon_sr_fast,2,100,1000,0.02,10,13478,0.07508601497672536,0.7113169971426098,0.9487870619946092,0.5243465544983631,0.05343047965998786,0.11062149999997928,41211720,,
falcon_sr_fast_calibrated,2,100,1000,0.02,10,13478,0.07508601497672536,0.7113169971426098,0.9487870619946092,0.5243465544983631,0.05343047965998786,1.8621569169990835,59591503,,permutation_base_only
sparcc_py,0,100,1000,0.02,25,463203,1.0,1.0,0.7359465862588843,0.5804293885129629,0.04576782252853758,0.011257875001319917,32144032,,
pearson_clr,0,100,1000,0.02,25,463203,1.0,0.9816474605207,0.7354081412879604,0.5802803077115294,0.04490631057505923,0.003945958998883725,8968552,,
pearson_raw,0,100,1000,0.02,25,463203,1.0,0.17358609794628752,0.7358388972646995,0.5588182882217244,0.04092181779022184,0.0025405839987797663,9739888,,
spieceasi_mb,0,100,1000,0.02,25,463203,1.0,0.1948787235411439,0.07678225285375835,0.5265185419213717,0.06676717639457247,1.8916281670008175,24820662,,
spieceasi_glasso,0,100,1000,0.02,25,463203,1.0,0.005576912664464779,0.0,0.5,0.01723023906956709,5.8772499580009026,38740420,,
falcon_sr_strict,0,100,1000,0.02,25,463203,1.0,0.9976336452619124,0.7358388972646995,0.5804325537011271,0.04576782252853758,0.10740470800010371,59378144,,
falcon_sr_fast,0,100,1000,0.02,25,30381,0.13698040060305836,0.9586585108626872,0.9261006289308176,0.5364909917193273,0.04587551152272238,0.059183416999076144,38652888,,
falcon_sr_fast_calibrated,0,100,1000,0.02,25,30381,0.13698040060305836,0.9586585108626872,0.9261006289308176,0.5364909917193273,0.04587551152272238,0.8950422079997225,56866138,,permutation_base_only
sparcc_py,1,100,1000,0.02,25,479710,1.0,1.0,0.7319415448851775,0.58130124315546,0.0488517745302714,0.004253375000189408,33242120,,
pearson_clr,1,100,1000,0.02,25,479710,1.0,0.9803617571059432,0.7318371607515658,0.5811091692889814,0.048538622129436326,0.0024693329996807734,9259984,,
pearson_raw,1,100,1000,0.02,25,479710,1.0,0.1830811979005866,0.7342379958246347,0.5644452615980113,0.04488517745302714,0.002001458999075112,10044944,,
spieceasi_mb,1,100,1000,0.02,25,479710,1.0,0.22490730085666794,0.07463465553235908,0.5250892781532865,0.06231732776617954,1.9840108750013314,25670677,,
spieceasi_glasso,1,100,1000,0.02,25,479710,1.0,0.011295260213237623,0.0,0.5,0.01826722338204593,5.292906082999252,40084557,,
falcon_sr_strict,1,100,1000,0.02,25,479710,1.0,1.0,0.7319415448851775,0.5812942087221733,0.0488517745302714,0.10405845800050884,61492488,,
falcon_sr_fast,1,100,1000,0.02,25,30045,0.13810020876826723,0.9904425514232288,0.9259259259259259,0.5386785774218626,0.04874739039665971,0.06248716600020998,40001520,,
falcon_sr_fast_calibrated,1,100,1000,0.02,25,30045,0.13810020876826723,0.9904425514232288,0.9259259259259259,0.5386785774218626,0.04874739039665971,0.9870615410000028,58756578,,permutation_base_only
sparcc_py,2,100,1000,0.02,25,494515,1.0,1.0,0.7447885043513459,0.5808697667315116,0.04766241651487553,0.005095167000035872,34226480,,
pearson_clr,2,100,1000,0.02,25,494515,1.0,0.9827447833065811,0.7442825339000202,0.5808041179338224,0.047460028334345275,0.002713666999625275,9521200,,
pearson_raw,2,100,1000,0.02,25,494515,1.0,0.1523526324995627,0.7491398502327464,0.5607615080416222,0.043513458814005264,0.002159916000891826,10318112,,
spieceasi_mb,2,100,1000,0.02,25,494515,1.0,0.24317524216882627,0.07974094312892127,0.5275291104433699,0.06446063549888686,1.7691763330003596,26447377,,
spieceasi_glasso,2,100,1000,0.02,25,494515,1.0,0.18838313991942757,0.2718073264521352,0.5556460585896696,0.0581866019024489,91.97608491699975,41303593,,
falcon_sr_strict,2,100,1000,0.02,25,494515,1.0,0.9993930197268589,0.7447885043513459,0.5808693455705917,0.04766241651487553,0.11275537499932398,63388848,,
falcon_sr_fast,2,100,1000,0.02,25,30731,0.13833232139243068,0.9644170559586522,0.936356986100951,0.5389969202354038,0.047864804695405785,0.06384862499908195,41210760,,
falcon_sr_fast_calibrated,2,100,1000,0.02,25,30731,0.13833232139243068,0.9644170559586522,0.936356986100951,0.5389969202354038,0.047864804695405785,0.9918953750002402,60500675,,permutation_base_only
sparcc_py,0,100,1000,0.02,50,463203,1.0,1.0,0.7359465862588843,0.5804293885129629,0.04576782252853758,0.008475167000142392,32144096,,
pearson_clr,0,100,1000,0.02,50,463203,1.0,0.9816474605207,0.7354081412879604,0.5802803077115294,0.04490631057505923,0.003125707999060978,8968600,,
pearson_raw,0,100,1000,0.02,50,463203,1.0,0.17358609794628752,0.7358388972646995,0.5588182882217244,0.04092181779022184,0.002514833000532235,9739888,,
spieceasi_mb,0,100,1000,0.02,50,463203,1.0,0.1948787235411439,0.07678225285375835,0.5265185419213717,0.06676717639457247,1.9985246669984917,24829870,,
spieceasi_glasso,0,100,1000,0.02,50,463203,1.0,0.005576912664464779,0.0,0.5,0.01723023906956709,4.935467332999906,38740420,,
falcon_sr_strict,0,100,1000,0.02,50,463203,1.0,0.9976336452619124,0.7358388972646995,0.5804325537011271,0.04576782252853758,0.12125608300084423,59378144,,
falcon_sr_fast,0,100,1000,0.02,50,56889,0.22043937109627396,0.9976336452619124,0.9062042012701514,0.5506564647226765,0.04587551152272238,0.09113070800049172,38652888,,
falcon_sr_fast_calibrated,0,100,1000,0.02,50,56889,0.22043937109627396,0.9976336452619124,0.9062042012701514,0.5506564647226765,0.04587551152272238,1.2744940419997874,58266571,,permutation_base_only
sparcc_py,1,100,1000,0.02,50,479710,1.0,1.0,0.7319415448851775,0.58130124315546,0.0488517745302714,0.005072165999081335,33242120,,
pearson_clr,1,100,1000,0.02,50,479710,1.0,0.9803617571059432,0.7318371607515658,0.5811091692889814,0.048538622129436326,0.0026962080009980127,9259984,,
pearson_raw,1,100,1000,0.02,50,479710,1.0,0.1830811979005866,0.7342379958246347,0.5644452615980113,0.04488517745302714,0.0019815409996226663,10044944,,
spieceasi_mb,1,100,1000,0.02,50,479710,1.0,0.22490730085666794,0.07463465553235908,0.5250892781532865,0.06231732776617954,1.8397040829986508,25670677,,
spieceasi_glasso,1,100,1000,0.02,50,479710,1.0,0.011295260213237623,0.0,0.5,0.01826722338204593,4.94471912500012,40084557,,
falcon_sr_strict,1,100,1000,0.02,50,479710,1.0,1.0,0.7319415448851775,0.5812942087221733,0.0488517745302714,0.10645541700068861,61492488,,
falcon_sr_fast,1,100,1000,0.02,50,56349,0.2160751565762004,1.0,0.9120772946859903,0.551580938257783,0.0488517745302714,0.07989520800038008,40001520,,
falcon_sr_fast_calibrated,1,100,1000,0.02,50,56349,0.2160751565762004,1.0,0.9120772946859903,0.551580938257783,0.0488517745302714,0.9780525419992045,60152347,,permutation_base_only
sparcc_py,2,100,1000,0.02,50,494515,1.0,1.0,0.7447885043513459,0.5808697667315116,0.04766241651487553,0.005188834000364295,34226480,,
pearson_clr,2,100,1000,0.02,50,494515,1.0,0.9827447833065811,0.7442825339000202,0.5808041179338224,0.047460028334345275,0.0026939170002151513,9521152,,
pearson_raw,2,100,1000,0.02,50,494515,1.0,0.1523526324995627,0.7491398502327464,0.5607615080416222,0.043513458814005264,0.0020192909996694652,10318112,,
spieceasi_mb,2,100,1000,0.02,50,494515,1.0,0.24317524216882627,0.07974094312892127,0.5275291104433699,0.06446063549888686,1.6655458330005786,26439697,,
spieceasi_glasso,2,100,1000,0.02,50,494515,1.0,0.18838313991942757,0.2718073264521352,0.5556460585896696,0.0581866019024489,91.10309275000145,41302982,,
falcon_sr_strict,2,100,1000,0.02,50,494515,1.0,0.9993930197268589,0.7447885043513459,0.5808693455705917,0.04766241651487553,0.4118674999990617,63388848,,
falcon_sr_fast,2,100,1000,0.02,50,57440,0.215745800445254,0.9993930197268589,0.9151031894934334,0.5520251202731498,0.04766241651487553,0.1861851249996107,41210760,,
falcon_sr_fast_calibrated,2,100,1000,0.02,50,57440,0.215745800445254,0.9993930197268589,0.9151031894934334,0.5520251202731498,0.04766241651487553,1.2742865420004819,61911578,,permutation_base_only
sparcc_py,0,500,100,0.02,10,4950,1.0,1.0,1.0,1.0,1.0,0.0005216249992372468,1729784,,
pearson_clr,0,500,100,0.02,10,4950,1.0,1.0,1.0,1.0,1.0,0.0005173749996174593,1729776,,
pearson_raw,0,500,100,0.02,10,4950,1.0,0.2857142857142857,1.0,0.9081289081289081,0.4444444444444444,0.0002272080000693677,1286016,,
spieceasi_mb,0,500,100,0.02,10,4950,1.0,0.9223300970873787,1.0,0.9998584067848137,0.9595959595959596,0.06930316699981631,1729808,,
spieceasi_glasso,0,500,100,0.02,10,4950,1.0,0.98,1.0,0.999995835493671,0.98989898989899,0.07719933299995319,1729720,,
falcon_sr_strict,0,500,100,0.02,10,4950,1.0,1.0,1.0,1.0,1.0,0.002714791999096633,2128664,,
falcon_sr_fast,0,500,100,0.02,10,1125,1.0,1.0,1.0,1.0,1.0,0.008983125000668224,2128720,,
falcon_sr_fast_calibrated,0,500,100,0.02,10,1125,1.0,1.0,1.0,1.0,1.0,0.10399704100018425,2376147,,permutation_base_only
sparcc_py,1,500,100,0.02,10,4950,1.0,1.0,1.0,1.0,1.0,0.0004169160001765704,1729672,,
pearson_clr,1,500,100,0.02,10,4950,1.0,1.0,1.0,1.0,1.0,0.00045124999996914994,1729672,,
pearson_raw,1,500,100,0.02,10,4950,1.0,0.375,1.0,0.9352169395459439,0.5454545454545454,0.0002023329998337431,1285936,,
spieceasi_mb,1,500,100,0.02,10,4950,1.0,0.8,1.0,0.9994086401012808,0.8888888888888888,0.06421154199961165,1729672,,
spieceasi_glasso,1,500,100,0.02,10,4950,1.0,0.9603960396039604,1.0,0.999987506481013,0.9797979797979798,0.07220120899910398,1729672,,
falcon_sr_strict,1,500,100,0.02,10,4950,1.0,1.0,1.0,1.0,1.0,0.00250666700048896,2128616,,
falcon_sr_fast,1,500,100,0.02,10,1122,1.0,1.0,1.0,1.0,1.0,0.00838383399968734,2128616,,
falcon_sr_fast_calibrated,1,500,100,0.02,10,1122,1.0,1.0,1.0,1.0,1.0,0.10068800000044575,2372296,,permutation_base_only
sparcc_py,2,500,100,0.02,10,4950,1.0,1.0,1.0,1.0,1.0,0.0004184579993307125,1729672,,
pearson_clr,2,500,100,0.02,10,4950,1.0,1.0,1.0,1.0,1.0,0.0004495840003073681,1729672,,
pearson_raw,2,500,100,0.02,10,4950,1.0,0.29411764705882354,0.98989898989899,0.9294595095460896,0.45454545454545453,0.00020179199964331929,1285936,,
spieceasi_mb,2,500,100,0.02,10,4950,1.0,0.8333333333333334,1.0,0.9993669950379908,0.9090909090909091,0.06860049999886542,1729672,,
spieceasi_glasso,2,500,100,0.02,10,4950,1.0,0.9603960396039604,1.0,0.9999541904303809,0.9797979797979798,0.07484370800011675,1729672,,
falcon_sr_strict,2,500,100,0.02,10,4950,1.0,1.0,1.0,1.0,1.0,0.0025975839998864103,2128616,,
falcon_sr_fast,2,500,100,0.02,10,1144,1.0,1.0,1.0,1.0,1.0,0.009347874998638872,2128616,,
falcon_sr_fast_calibrated,2,500,100,0.02,10,1144,1.0,1.0,1.0,1.0,1.0,0.1018512919999921,2374034,,permutation_base_only
sparcc_py,0,500,100,0.02,25,4950,1.0,1.0,1.0,1.0,1.0,0.0004237080011080252,1729784,,
pearson_clr,0,500,100,0.02,25,4950,1.0,1.0,1.0,1.0,1.0,0.0004577910003717989,1729776,,
pearson_raw,0,500,100,0.02,25,4950,1.0,0.2857142857142857,1.0,0.9081289081289081,0.4444444444444444,0.00020866600061708596,1286016,,
spieceasi_mb,0,500,100,0.02,25,4950,1.0,0.9223300970873787,1.0,0.9998584067848137,0.9595959595959596,0.06511991700062936,1729808,,
spieceasi_glasso,0,500,100,0.02,25,4950,1.0,0.98,1.0,0.999995835493671,0.98989898989899,0.07271100000070874,1729720,,
falcon_sr_strict,0,500,100,0.02,25,4950,1.0,1.0,1.0,1.0,1.0,0.002583041999969282,2128664,,
falcon_sr_fast,0,500,100,0.02,25,2628,1.0,1.0,1.0,1.0,1.0,0.009323041998868575,2128720,,
falcon_sr_fast_calibrated,0,500,100,0.02,25,2628,1.0,1.0,1.0,1.0,1.0,0.10353987500093353,2455077,,permutation_base_only
sparcc_py,1,500,100,0.02,25,4950,1.0,1.0,1.0,1.0,1.0,0.000424458001361927,1729672,,
pearson_clr,1,500,100,0.02,25,4950,1.0,1.0,1.0,1.0,1.0,0.0004546250002022134,1729672,,
pearson_raw,1,500,100,0.02,25,4950,1.0,0.375,1.0,0.9352169395459439,0.5454545454545454,0.000205082998945727,1285936,,
spieceasi_mb,1,500,100,0.02,25,4950,1.0,0.8,1.0,0.9994086401012808,0.8888888888888888,0.06984525000007125,1729672,,
spieceasi_glasso,1,500,100,0.02,25,4950,1.0,0.9603960396039604,1.0,0.999987506481013,0.9797979797979798,0.07683195800018439,1729672,,
falcon_sr_strict,1,500,100,0.02,25,4950,1.0,1.0,1.0,1.0,1.0,0.002745708001384628,2128616,,
falcon_sr_fast,1,500,100,0.02,25,2649,1.0,1.0,1.0,1.0,1.0,0.009905958999297582,2128616,,
falcon_sr_fast_calibrated,1,500,100,0.02,25,2649,1.0,1.0,1.0,1.0,1.0,0.10992954100038332,2453599,,permutation_base_only
sparcc_py,2,500,100,0.02,25,4950,1.0,1.0,1.0,1.0,1.0,0.0004470830008358462,1729672,,
pearson_clr,2,500,100,0.02,25,4950,1.0,1.0,1.0,1.0,1.0,0.00048279099974024575,1729672,,
pearson_raw,2,500,100,0.02,25,4950,1.0,0.29411764705882354,0.98989898989899,0.9294595095460896,0.45454545454545453,0.00024141699941537809,1285936,,
spieceasi_mb,2,500,100,0.02,25,4950,1.0,0.8333333333333334,1.0,0.9993669950379908,0.9090909090909091,0.06892366600004607,1729672,,
spieceasi_glasso,2,500,100,0.02,25,4950,1.0,0.9603960396039604,1.0,0.9999541904303809,0.9797979797979798,0.07770549999986542,1729672,,
falcon_sr_strict,2,500,100,0.02,25,4950,1.0,1.0,1.0,1.0,1.0,0.0026861249989451608,2128616,,
falcon_sr_fast,2,500,100,0.02,25,2661,1.0,1.0,1.0,1.0,1.0,0.010128541000085534,2128616,,
falcon_sr_fast_calibrated,2,500,100,0.02,25,2661,1.0,1.0,1.0,1.0,1.0,0.1098582089998672,2455270,,permutation_base_only
sparcc_py,0,500,100,0.02,50,4950,1.0,1.0,1.0,1.0,1.0,0.0004445410013431683,1729784,,
pearson_clr,0,500,100,0.02,50,4950,1.0,1.0,1.0,1.0,1.0,0.000479042000733898,1729776,,
pearson_raw,0,500,100,0.02,50,4950,1.0,0.2857142857142857,1.0,0.9081289081289081,0.4444444444444444,0.00021799999922222923,1286016,,
spieceasi_mb,0,500,100,0.02,50,4950,1.0,0.9223300970873787,1.0,0.9998584067848137,0.9595959595959596,0.0688037500003702,1729808,,
spieceasi_glasso,0,500,100,0.02,50,4950,1.0,0.98,1.0,0.999995835493671,0.98989898989899,0.07766229099979682,1729720,,
falcon_sr_strict,0,500,100,0.02,50,4950,1.0,1.0,1.0,1.0,1.0,0.0027065829999628477,2128664,,
falcon_sr_fast,0,500,100,0.02,50,4950,1.0,1.0,1.0,1.0,1.0,0.010892083000726416,2128720,,
falcon_sr_fast_calibrated,0,500,100,0.02,50,4950,1.0,1.0,1.0,1.0,1.0,0.11278929199943377,2574855,,permutation_base_only
sparcc_py,1,500,100,0.02,50,4950,1.0,1.0,1.0,1.0,1.0,0.00044520799929159693,1729672,,
pearson_clr,1,500,100,0.02,50,4950,1.0,1.0,1.0,1.0,1.0,0.000475041999379755,1729672,,
pearson_raw,1,500,100,0.02,50,4950,1.0,0.375,1.0,0.9352169395459439,0.5454545454545454,0.00021783400006825104,1285936,,
spieceasi_mb,1,500,100,0.02,50,4950,1.0,0.8,1.0,0.9994086401012808,0.8888888888888888,0.06840808299966739,1729672,,
spieceasi_glasso,1,500,100,0.02,50,4950,1.0,0.9603960396039604,1.0,0.999987506481013,0.9797979797979798,0.07778004099964164,1729672,,
falcon_sr_strict,1,500,100,0.02,50,4950,1.0,1.0,1.0,1.0,1.0,0.0026639579991751816,2128616,,
falcon_sr_fast,1,500,100,0.02,50,4950,1.0,1.0,1.0,1.0,1.0,0.010895916999288602,2128616,,
falcon_sr_fast_calibrated,1,500,100,0.02,50,4950,1.0,1.0,1.0,1.0,1.0,0.11194916699969326,2578192,,permutation_base_only
sparcc_py,2,500,100,0.02,50,4950,1.0,1.0,1.0,1.0,1.0,0.0004713750004157191,1729672,,
pearson_clr,2,500,100,0.02,50,4950,1.0,1.0,1.0,1.0,1.0,0.0004960839996783761,1729672,,
pearson_raw,2,500,100,0.02,50,4950,1.0,0.29411764705882354,0.98989898989899,0.9294595095460896,0.45454545454545453,0.00026450000041222665,1285936,,
spieceasi_mb,2,500,100,0.02,50,4950,1.0,0.8333333333333334,1.0,0.9993669950379908,0.9090909090909091,0.09781179199853796,1729672,,
spieceasi_glasso,2,500,100,0.02,50,4950,1.0,0.9603960396039604,1.0,0.9999541904303809,0.9797979797979798,0.17998412499946426,1729672,,
falcon_sr_strict,2,500,100,0.02,50,4950,1.0,1.0,1.0,1.0,1.0,0.0060540420017787255,2128616,,
falcon_sr_fast,2,500,100,0.02,50,4950,1.0,1.0,1.0,1.0,1.0,0.04334299999936775,2128616,,
falcon_sr_fast_calibrated,2,500,100,0.02,50,4950,1.0,1.0,1.0,1.0,1.0,1.3036493330000667,2578072,,permutation_base_only
sparcc_py,0,500,500,0.02,10,124750,1.0,1.0,0.9959919839679359,0.9588157083870411,0.6589178356713427,0.0129981250011042,14145944,,
pearson_clr,0,500,500,0.02,10,124750,1.0,0.9568627450980393,0.9967935871743487,0.9586392022521998,0.6569138276553106,0.016513124999619322,8329808,,
pearson_raw,0,500,500,0.02,10,124750,1.0,0.16154562383612664,0.9691382765531062,0.7704302769376633,0.29899799599198396,0.00782279200029734,8009216,,
spieceasi_mb,0,500,500,0.02,10,124750,1.0,0.6550580431177446,0.9106212424849699,0.9451215137321389,0.712625250501002,1.7720048749997659,10327736,,
spieceasi_glasso,0,500,500,0.02,10,124750,1.0,0.6185533571196886,0.9671342685370742,0.9589962961381435,0.6881763527054108,1.25133654199999,14083144,,
falcon_sr_strict,0,500,500,0.02,10,124750,1.0,0.9975980784627703,0.9959919839679359,0.9588148428876894,0.6589178356713427,0.027242791000389843,16015448,,
falcon_sr_fast,0,500,500,0.02,10,5740,0.7991983967935872,0.9975980784627703,1.0,0.8937117538008412,0.6589178356713427,0.02384650000021793,14009976,,
falcon_sr_fast_calibrated,0,500,500,0.02,10,5740,0.7991983967935872,0.9975980784627703,1.0,0.8937117538008412,0.6589178356713427,0.6318865419998474,22499965,,permutation_base_only
sparcc_py,1,500,500,0.02,10,124750,1.0,1.0,0.9935871743486974,0.9547378327879841,0.6597194388777555,0.0032395420003012987,14145832,,
pearson_clr,1,500,500,0.02,10,124750,1.0,0.9576304433111024,0.9935871743486974,0.9544257481467372,0.6593186372745491,0.002763708000202314,8329704,,
pearson_raw,1,500,500,0.02,10,124750,1.0,0.169165885660731,0.9719438877755511,0.7911982027119143,0.301002004008016,0.0017771250004443573,8009184,,
spieceasi_mb,1,500,500,0.02,10,124750,1.0,0.6938221317040054,0.8977955911823647,0.9378567433013342,0.6969939879759519,0.9291391669994482,10339864,,
spieceasi_glasso,1,500,500,0.02,10,124750,1.0,0.6495867768595042,0.9595190380761524,0.9512123736245958,0.6849699398797595,1.3543572500002483,14083202,,
falcon_sr_strict,1,500,500,0.02,10,124750,1.0,0.9967987194877951,0.9935871743486974,0.9547377311573784,0.6597194388777555,0.02980145800029277,16015400,,
falcon_sr_fast,1,500,500,0.02,10,5716,0.795190380761523,0.9967987194877951,1.0,0.8916867049710234,0.6597194388777555,0.027545000000827713,14009872,,
falcon_sr_fast_calibrated,1,500,500,0.02,10,5716,0.795190380761523,0.9967987194877951,1.0,0.8916867049710234,0.6597194388777555,0.671731667000131,22496984,,permutation_base_only
sparcc_py,2,500,500,0.02,10,124750,1.0,1.0,0.9955911823647294,0.9572015553744601,0.643687374749499,0.003112165999482386,14145832,,
pearson_clr,2,500,500,0.02,10,124750,1.0,0.9507427677873339,0.9955911823647294,0.9569400926100698,0.6468937875751503,0.0029246669982967433,8329704,,
pearson_raw,2,500,500,0.02,10,124750,1.0,0.1540240518038853,0.9731462925851704,0.7644868142075325,0.28697394789579156,0.0016357920012524119,8009136,,
spieceasi_mb,2,500,500,0.02,10,124750,1.0,0.6683383483784687,0.8965931863727455,0.9375043867129785,0.7006012024048096,0.9542502079984843,10327496,,
spieceasi_glasso,2,500,500,0.02,10,124750,1.0,0.631785480706344,0.9623246492985972,0.9546020542987739,0.6857715430861724,1.3220352500011359,14083096,,
falcon_sr_strict,2,500,500,0.02,10,124750,1.0,0.9975980784627703,0.9955911823647294,0.957206617234305,0.6432865731462926,0.02731208300065191,16015400,,
falcon_sr_fast,2,500,500,0.02,10,5764,0.7963927855711422,0.9975980784627703,1.0,0.8919590536846463,0.6432865731462926,0.025310708999313647,14009872,,
falcon_sr_fast_calibrated,2,500,500,0.02,10,5764,0.7963927855711422,0.9975980784627703,1.0,0.8919590536846463,0.6432865731462926,0.6325002080011473,22501550,,permutation_base_only
sparcc_py,0,500,500,0.02,25,124750,1.0,1.0,0.9959919839679359,0.9588157083870411,0.6589178356713427,0.002831333000358427,14145944,,
pearson_clr,0,500,500,0.02,25,124750,1.0,0.9568627450980393,0.9967935871743487,0.9586392022521998,0.6569138276553106,0.0025220839997928124,8329808,,
pearson_raw,0,500,500,0.02,25,124750,1.0,0.16154562383612664,0.9691382765531062,0.7704302769376633,0.29899799599198396,0.0013303750001796288,8009216,,
spieceasi_mb,0,500,500,0.02,25,124750,1.0,0.6550580431177446,0.9106212424849699,0.9451215137321389,0.712625250501002,0.885056249999252,10327736,,
spieceasi_glasso,0,500,500,0.02,25,124750,1.0,0.6185533571196886,0.9671342685370742,0.9589962961381435,0.6881763527054108,1.2543032089997723,14083238,,
falcon_sr_strict,0,500,500,0.02,25,124750,1.0,0.9975980784627703,0.9959919839679359,0.9588148428876894,0.6589178356713427,0.028456332998757716,16015448,,
falcon_sr_fast,0,500,500,0.02,25,13832,0.8885771543086173,0.9975980784627703,1.0,0.9310535184310792,0.6589178356713427,0.033055084000807256,14009976,,
falcon_sr_fast_calibrated,0,500,500,0.02,25,13832,0.8885771543086173,0.9975980784627703,1.0,0.9310535184310792,0.6589178356713427,0.6915041669999482,22923341,,permutation_base_only
sparcc_py,1,500,500,0.02,25,124750,1.0,1.0,0.9935871743486974,0.9547378327879841,0.6597194388777555,0.002811582999129314,14145832,,
pearson_clr,1,500,500,0.02,25,124750,1.0,0.9576304433111024,0.9935871743486974,0.9544257481467372,0.6593186372745491,0.002553416999944602,8329704,,
pearson_raw,1,500,500,0.02,25,124750,1.0,0.169165885660731,0.9719438877755511,0.7911982027119143,0.301002004008016,0.001319041000897414,8009136,,
spieceasi_mb,1,500,500,0.02,25,124750,1.0,0.6938221317040054,0.8977955911823647,0.9378567433013342,0.6969939879759519,0.9267948329998035,10327496,,
spieceasi_glasso,1,500,500,0.02,25,124750,1.0,0.6495867768595042,0.9595190380761524,0.9512123736245958,0.6849699398797595,1.2903588339995622,14083049,,
falcon_sr_strict,1,500,500,0.02,25,124750,1.0,0.9967987194877951,0.9935871743486974,0.9547377311573784,0.6597194388777555,0.028713374998915242,16015400,,
falcon_sr_fast,1,500,500,0.02,25,13741,0.8781563126252505,0.9967987194877951,1.0,0.9259463051086837,0.6597194388777555,0.03317254200010211,14009872,,
falcon_sr_fast_calibrated,1,500,500,0.02,25,13741,0.8781563126252505,0.9967987194877951,1.0,0.9259463051086837,0.6597194388777555,0.6928337079989433,22919258,,permutation_base_only
sparcc_py,2,500,500,0.02,25,124750,1.0,1.0,0.9955911823647294,0.9572015553744601,0.643687374749499,0.0031301250000979053,14145832,,
pearson_clr,2,500,500,0.02,25,124750,1.0,0.9507427677873339,0.9955911823647294,0.9569400926100698,0.6468937875751503,0.0027814580007543555,8329704,,
pearson_raw,2,500,500,0.02,25,124750,1.0,0.1540240518038853,0.9731462925851704,0.7644868142075325,0.28697394789579156,0.0013285419991007075,8009136,,
spieceasi_mb,2,500,500,0.02,25,124750,1.0,0.6683383483784687,0.8965931863727455,0.9375043867129785,0.7006012024048096,0.9022257079996052,10327496,,
spieceasi_glasso,2,500,500,0.02,25,124750,1.0,0.631785480706344,0.9623246492985972,0.9546020542987739,0.6857715430861724,1.3473278330002358,14083143,,
falcon_sr_strict,2,500,500,0.02,25,124750,1.0,0.9975980784627703,0.9955911823647294,0.957206617234305,0.6432865731462926,0.02803654200033634,16015400,,
falcon_sr_fast,2,500,500,0.02,25,13823,0.8817635270541082,0.9975980784627703,1.0,0.9277270831385072,0.6432865731462926,0.031471500000407104,14009872,,
falcon_sr_fast_calibrated,2,500,500,0.02,25,13823,0.8817635270541082,0.9975980784627703,1.0,0.9277270831385072,0.6432865731462926,0.7132197920000181,22921908,,permutation_base_only
sparcc_py,0,500,500,0.02,50,124750,1.0,1.0,0.9959919839679359,0.9588157083870411,0.6589178356713427,0.003476500000033411,14145944,,
pearson_clr,0,500,500,0.02,50,124750,1.0,0.9568627450980393,0.9967935871743487,0.9586392022521998,0.6569138276553106,0.003147333000015351,8329808,,
pearson_raw,0,500,500,0.02,50,124750,1.0,0.16154562383612664,0.9691382765531062,0.7704302769376633,0.29899799599198396,0.0016845840000314638,8009656,,
spieceasi_mb,0,500,500,0.02,50,124750,1.0,0.6550580431177446,0.9106212424849699,0.9451215137321389,0.712625250501002,0.9573766670000623,10341296,,
spieceasi_glasso,0,500,500,0.02,50,124750,1.0,0.6185533571196886,0.9671342685370742,0.9589962961381435,0.6881763527054108,1.2478945839993685,14083485,,
falcon_sr_strict,0,500,500,0.02,50,124750,1.0,0.9975980784627703,0.9959919839679359,0.9588148428876894,0.6589178356713427,0.02724737499920593,16015448,,
falcon_sr_fast,0,500,500,0.02,50,26884,0.9398797595190381,0.9975980784627703,1.0,0.9492476622296985,0.6589178356713427,0.038612416999967536,14009976,,
falcon_sr_fast_calibrated,0,500,500,0.02,50,26884,0.9398797595190381,0.9975980784627703,1.0,0.9492476622296985,0.6589178356713427,0.6819136250014708,23608048,,permutation_base_only
sparcc_py,1,500,500,0.02,50,124750,1.0,1.0,0.9935871743486974,0.9547378327879841,0.6597194388777555,0.0028128339999966556,14145832,,
pearson_clr,1,500,500,0.02,50,124750,1.0,0.9576304433111024,0.9935871743486974,0.9544257481467372,0.6593186372745491,0.0027806670004792977,8329704,,
pearson_raw,1,500,500,0.02,50,124750,1.0,0.169165885660731,0.9719438877755511,0.7911982027119143,0.301002004008016,0.001327791000221623,8009136,,
spieceasi_mb,1,500,500,0.02,50,124750,1.0,0.6938221317040054,0.8977955911823647,0.9378567433013342,0.6969939879759519,0.9012896250005724,10327496,,
spieceasi_glasso,1,500,500,0.02,50,124750,1.0,0.6495867768595042,0.9595190380761524,0.9512123736245958,0.6849699398797595,1.1934556249998423,14083110,,
falcon_sr_strict,1,500,500,0.02,50,124750,1.0,0.9967987194877951,0.9935871743486974,0.9547377311573784,0.6597194388777555,0.027388167000026442,16015400,,
falcon_sr_fast,1,500,500,0.02,50,26763,0.9314629258517034,0.9967987194877951,1.0,0.9444134910039292,0.6597194388777555,0.038485999999466,14009872,,
falcon_sr_fast_calibrated,1,500,500,0.02,50,26763,0.9314629258517034,0.9967987194877951,1.0,0.9444134910039292,0.6597194388777555,0.6776917919996777,23600923,,permutation_base_only
sparcc_py,2,500,500,0.02,50,124750,1.0,1.0,0.9955911823647294,0.9572015553744601,0.643687374749499,0.0030927499992685625,14145832,,
pearson_clr,2,500,500,0.02,50,124750,1.0,0.9507427677873339,0.9955911823647294,0.9569400926100698,0.6468937875751503,0.002865249998649233,8329704,,
pearson_raw,2,500,500,0.02,50,124750,1.0,0.1540240518038853,0.9731462925851704,0.7644868142075325,0.28697394789579156,0.0016693750003469177,8009136,,
spieceasi_mb,2,500,500,0.02,50,124750,1.0,0.6683383483784687,0.8965931863727455,0.9375043867129785,0.7006012024048096,1.0550664579986915,10327496,,
spieceasi_glasso,2,500,500,0.02,50,124750,1.0,0.631785480706344,0.9623246492985972,0.9546020542987739,0.6857715430861724,1.1920505420002883,14083110,,
falcon_sr_strict,2,500,500,0.02,50,124750,1.0,0.9975980784627703,0.9955911823647294,0.957206617234305,0.6432865731462926,0.03338895799970487,16015400,,
falcon_sr_fast,2,500,500,0.02,50,26862,0.9318637274549099,0.9975980784627703,1.0,0.9449546608656354,0.6432865731462926,0.047538707998683094,14009872,,
falcon_sr_fast_calibrated,2,500,500,0.02,50,26862,0.9318637274549099,0.9975980784627703,1.0,0.9449546608656354,0.6432865731462926,0.8045755410003039,23606800,,permutation_base_only
sparcc_py,0,500,1000,0.02,10,499500,1.0,1.0,0.8340340340340341,0.6905686293431181,0.08008008008008008,0.013386499998887302,44157944,,
pearson_clr,0,500,1000,0.02,10,499500,1.0,0.9821428571428571,0.8324324324324325,0.6896192349731604,0.07837837837837838,0.008310958000947721,16579808,,
pearson_raw,0,500,1000,0.02,10,499500,1.0,0.0769147846709427,0.8671671671671671,0.6244790583314822,0.12152152152152153,0.004360958000688697,20013216,,
spieceasi_mb,0,500,1000,0.02,10,499500,1.0,0.15846234127674377,0.39329329329329327,0.6673962283257292,0.22192192192192192,4.655523625000569,33089640,,
spieceasi_glasso,0,500,1000,0.02,10,499500,1.0,0.08681462140992167,0.551051051051051,0.6805111365578976,0.22402402402402402,7.769295875001262,48124634,,
falcon_sr_strict,0,500,1000,0.02,10,499500,1.0,0.998,0.8341341341341342,0.6905675199826494,0.07997997997997998,0.09512449999965611,64027448,,
falcon_sr_fast,0,500,1000,0.02,10,16001,0.21731731731731732,0.46771468449276427,0.9894058037770612,0.5942585792264042,0.13033033033033034,0.05695299999933923,48018864,,
falcon_sr_fast_calibrated,0,500,1000,0.02,10,16001,0.21731731731731732,0.46771468449276427,0.9894058037770612,0.5942585792264042,0.13033033033033034,1.419759124999473,73089827,,permutation_base_only
sparcc_py,1,500,1000,0.02,10,499500,1.0,1.0,0.8268268268268268,0.684485715721237,0.06506506506506507,0.008462791998681496,44157832,,
pearson_clr,1,500,1000,0.02,10,499500,1.0,0.9827329562369753,0.8254254254254254,0.6836777174715113,0.06296296296296296,0.005925875000684755,16579704,,
pearson_raw,1,500,1000,0.02,10,499500,1.0,0.06497521454080273,0.8400400400400401,0.6022997678481734,0.11071071071071072,0.0037774169995827833,20013184,,
spieceasi_mb,1,500,1000,0.02,10,499500,1.0,0.14834185872751307,0.3725725725725726,0.6568463626135583,0.21081081081081082,4.613032708999526,33094024,,
spieceasi_glasso,1,500,1000,0.02,10,499500,1.0,0.0783096767229748,0.5393393393393393,0.6747083897241197,0.2105105105105105,19.150860042000204,48123371,,
falcon_sr_strict,1,500,1000,0.02,10,499500,1.0,0.9981998199819982,0.8268268268268268,0.6844858895380845,0.06506506506506507,0.12154062499939755,64027400,,
falcon_sr_fast,1,500,1000,0.02,10,15982,0.20810810810810812,0.43359403027911314,0.9918229918229918,0.5894511200338456,0.11821821821821822,0.06840104199909547,48017872,,
falcon_sr_fast_calibrated,1,500,1000,0.02,10,15982,0.20810810810810812,0.43359403027911314,0.9918229918229918,0.5894511200338456,0.11821821821821822,1.6968259580007725,73086099,,permutation_base_only
sparcc_py,2,500,1000,0.02,10,499500,1.0,1.0,0.8358358358358359,0.6968781541239714,0.08368368368368369,0.009046292001585243,44157832,,
pearson_clr,2,500,1000,0.02,10,499500,1.0,0.9791976225854383,0.8342342342342343,0.6961368101365242,0.08068068068068068,0.007233790998725453,16579704,,
pearson_raw,2,500,1000,0.02,10,499500,1.0,0.0769147846709427,0.8564564564564564,0.6313387475849939,0.11561561561561562,0.004569708999042632,20013136,,
spieceasi_mb,2,500,1000,0.02,10,499500,1.0,0.1644035200186491,0.3926926926926927,0.6675711607707889,0.22602602602602603,5.556686207999519,33089400,,
spieceasi_glasso,2,500,1000,0.02,10,499500,1.0,0.09180327868852459,0.5593593593593593,0.6854148188146472,0.22532532532532532,10.873205583000527,48117299,,
falcon_sr_strict,2,500,1000,0.02,10,499500,1.0,0.9981998199819982,0.8358358358358359,0.6968762192357216,0.08358358358358359,0.1167663750002248,64027400,,
falcon_sr_fast,2,500,1000,0.02,10,15726,0.22382382382382382,0.4594594594594595,0.9874776386404294,0.5978545250731723,0.13553553553553555,0.07918283399885695,48017872,,
falcon_sr_fast_calibrated,2,500,1000,0.02,10,15726,0.22382382382382382,0.4594594594594595,0.9874776386404294,0.5978545250731723,0.13553553553553555,2.08732450000025,73072760,,permutation_base_only
sparcc_py,0,500,1000,0.02,25,499500,1.0,1.0,0.8340340340340341,0.6905686293431181,0.08008008008008008,0.0074882079989038175,44157944,,
pearson_clr,0,500,1000,0.02,25,499500,1.0,0.9821428571428571,0.8324324324324325,0.6896192349731604,0.07837837837837838,0.005562083000768325,16579808,,
pearson_raw,0,500,1000,0.02,25,499500,1.0,0.0769147846709427,0.8671671671671671,0.6244790583314822,0.12152152152152153,0.0034148750000895234,20013656,,
spieceasi_mb,0,500,1000,0.02,25,499500,1.0,0.15846234127674377,0.39329329329329327,0.6673962283257292,0.22192192192192192,6.942452540999511,33103136,,
spieceasi_glasso,0,500,1000,0.02,25,499500,1.0,0.08681462140992167,0.551051051051051,0.6805111365578976,0.22402402402402402,13.92043166700023,48122399,,
falcon_sr_strict,0,500,1000,0.02,25,499500,1.0,0.998,0.8341341341341342,0.6905675199826494,0.07997997997997998,0.21282779200009827,64027448,,
falcon_sr_fast,0,500,1000,0.02,25,38034,0.33183183183183185,0.8484596169858452,0.9791855203619909,0.630899291459137,0.08668668668668669,0.16658450000068115,48017976,,
falcon_sr_fast_calibrated,0,500,1000,0.02,25,38034,0.33183183183183185,0.8484596169858452,0.9791855203619909,0.630899291459137,0.08668668668668669,2.221061166999789,74248027,,permutation_base_only
sparcc_py,1,500,1000,0.02,25,499500,1.0,1.0,0.8268268268268268,0.684485715721237,0.06506506506506507,0.012368292000246583,44157832,,
pearson_clr,1,500,1000,0.02,25,499500,1.0,0.9827329562369753,0.8254254254254254,0.6836777174715113,0.06296296296296296,0.008163083999534138,16579704,,
pearson_raw,1,500,1000,0.02,25,499500,1.0,0.06497521454080273,0.8400400400400401,0.6022997678481734,0.11071071071071072,0.006167874998936895,20013136,,
spieceasi_mb,1,500,1000,0.02,25,499500,1.0,0.14834185872751307,0.3725725725725726,0.6568463626135583,0.21081081081081082,8.244261791000099,33089400,,
spieceasi_glasso,1,500,1000,0.02,25,499500,1.0,0.0783096767229748,0.5393393393393393,0.6747083897241197,0.2105105105105105,21.688024667000718,48123171,,
falcon_sr_strict,1,500,1000,0.02,25,499500,1.0,0.9981998199819982,0.8268268268268268,0.6844858895380845,0.06506506506506507,0.13768291599990334,64027400,,
falcon_sr_fast,1,500,1000,0.02,25,38153,0.32182182182182184,0.8032490974729242,0.9813374805598756,0.6253380391075228,0.07467467467467467,0.0879741249991639,48017872,,
falcon_sr_fast_calibrated,1,500,1000,0.02,25,38153,0.32182182182182184,0.8032490974729242,0.9813374805598756,0.6253380391075228,0.07467467467467467,2.284530540999185,74264484,,permutation_base_only
sparcc_py,2,500,1000,0.02,25,499500,1.0,1.0,0.8358358358358359,0.6968781541239714,0.08368368368368369,0.0123490000005404,44157832,,
pearson_clr,2,500,1000,0.02,25,499500,1.0,0.9791976225854383,0.8342342342342343,0.6961368101365242,0.08068068068068068,0.008654708000904066,16579704,,
pearson_raw,2,500,1000,0.02,25,499500,1.0,0.0769147846709427,0.8564564564564564,0.6313387475849939,0.11561561561561562,0.006248833000427112,20013184,,
spieceasi_mb,2,500,1000,0.02,25,499500,1.0,0.1644035200186491,0.3926926926926927,0.6675711607707889,0.22602602602602603,5.553331375000198,33094024,,
spieceasi_glasso,2,500,1000,0.02,25,499500,1.0,0.09180327868852459,0.5593593593593593,0.6854148188146472,0.22532532532532532,7.587815791001049,48117405,,
falcon_sr_strict,2,500,1000,0.02,25,499500,1.0,0.9981998199819982,0.8358358358358359,0.6968762192357216,0.08358358358358359,0.09811325000009674,64027400,,
falcon_sr_fast,2,500,1000,0.02,25,37508,0.3353353353353353,0.8264923667611299,0.9782089552238806,0.6333892817047401,0.0920920920920921,0.0643430839991197,48017872,,
falcon_sr_fast_calibrated,2,500,1000,0.02,25,37508,0.3353353353353353,0.8264923667611299,0.9782089552238806,0.6333892817047401,0.0920920920920921,1.3244375419999415,74219335,,permutation_base_only
sparcc_py,0,500,1000,0.02,50,499500,1.0,1.0,0.8340340340340341,0.6905686293431181,0.08008008008008008,0.007250874999954249,44158008,,
pearson_clr,0,500,1000,0.02,50,499500,1.0,0.9821428571428571,0.8324324324324325,0.6896192349731604,0.07837837837837838,0.00527637499908451,16579808,,
pearson_raw,0,500,1000,0.02,50,499500,1.0,0.0769147846709427,0.8671671671671671,0.6244790583314822,0.12152152152152153,0.003382749999218504,20013264,,
spieceasi_mb,0,500,1000,0.02,50,499500,1.0,0.15846234127674377,0.39329329329329327,0.6673962283257292,0.22192192192192192,5.310763166999095,33102000,,
spieceasi_glasso,0,500,1000,0.02,50,499500,1.0,0.08681462140992167,0.551051051051051,0.6805111365578976,0.22402402402402402,10.247212750000472,48122258,,
falcon_sr_strict,0,500,1000,0.02,50,499500,1.0,0.998,0.8341341341341342,0.6905675199826494,0.07997997997997998,0.11631866700008686,64027448,,
falcon_sr_fast,0,500,1000,0.02,50,71417,0.4335335335335335,0.998,0.9695220503347957,0.652938493436134,0.07997997997997998,0.10144966699954239,48017976,,
falcon_sr_fast_calibrated,0,500,1000,0.02,50,71417,0.4335335335335335,0.998,0.9695220503347957,0.652938493436134,0.07997997997997998,1.6990830419999838,76020798,,permutation_base_only
sparcc_py,1,500,1000,0.02,50,499500,1.0,1.0,0.8268268268268268,0.684485715721237,0.06506506506506507,0.009052375000464963,44157832,,
pearson_clr,1,500,1000,0.02,50,499500,1.0,0.9827329562369753,0.8254254254254254,0.6836777174715113,0.06296296296296296,0.006701042000713642,16579704,,
pearson_raw,1,500,1000,0.02,50,499500,1.0,0.06497521454080273,0.8400400400400401,0.6022997678481734,0.11071071071071072,0.004218624999339227,20013136,,
spieceasi_mb,1,500,1000,0.02,50,499500,1.0,0.14834185872751307,0.3725725725725726,0.6568463626135583,0.21081081081081082,5.547105375000683,33089400,,
spieceasi_glasso,1,500,1000,0.02,50,499500,1.0,0.0783096767229748,0.5393393393393393,0.6747083897241197,0.2105105105105105,18.386692875001245,48123218,,
falcon_sr_strict,1,500,1000,0.02,50,499500,1.0,0.9981998199819982,0.8268268268268268,0.6844858895380845,0.06506506506506507,0.1161795419993723,64027400,,
falcon_sr_fast,1,500,1000,0.02,50,71937,0.4248248248248248,0.9978002199780022,0.9677191328934966,0.6469441268197167,0.06506506506506507,0.10007837500052119,48017872,,
falcon_sr_fast_calibrated,1,500,1000,0.02,50,71937,0.4248248248248248,0.9978002199780022,0.9677191328934966,0.6469441268197167,0.06506506506506507,1.8693579169994337,76044302,,permutation_base_only
sparcc_py,2,500,1000,0.02,50,499500,1.0,1.0,0.8358358358358359,0.6968781541239714,0.08368368368368369,0.01320737500100222,44157832,,
pearson_clr,2,500,1000,0.02,50,499500,1.0,0.9791976225854383,0.8342342342342343,0.6961368101365242,0.08068068068068068,0.007769750000079512,16579704,,
pearson_raw,2,500,1000,0.02,50,499500,1.0,0.0769147846709427,0.8564564564564564,0.6313387475849939,0.11561561561561562,0.005157792000318295,20013136,,
spieceasi_mb,2,500,1000,0.02,50,499500,1.0,0.1644035200186491,0.3926926926926927,0.6675711607707889,0.22602602602602603,4.575036541998998,33089400,,
spieceasi_glasso,2,500,1000,0.02,50,499500,1.0,0.09180327868852459,0.5593593593593593,0.6854148188146472,0.22532532532532532,7.592251000000033,48117313,,
falcon_sr_strict,2,500,1000,0.02,50,499500,1.0,0.9981998199819982,0.8358358358358359,0.6968762192357216,0.08358358358358359,0.15092454200021166,64027400,,
falcon_sr_fast,2,500,1000,0.02,50,70909,0.4419419419419419,0.9970014992503748,0.9657984144960362,0.6579149272456866,0.08378378378378379,0.09515662499870814,48017872,,
falcon_sr_fast_calibrated,2,500,1000,0.02,50,70909,0.4419419419419419,0.9970014992503748,0.9657984144960362,0.6579149272456866,0.08378378378378379,2.0976212909990863,75987243,,permutation_base_only
